delta	score
-120.00	0.4945
-119.75	0.4829
-119.50	0.4748
-119.25	0.4717
-119.00	0.4694
-118.75	0.4703
-118.50	0.4673
-118.25	0.4735
-118.00	0.4822
-117.75	0.5023
-117.50	0.5177
-117.25	0.5437
-117.00	0.5612
-116.75	0.5533
-116.50	0.5296
-116.25	0.5083
-116.00	0.4872
-115.75	0.4864
-115.50	0.4946
-115.25	0.5143
-115.00	0.5460
-114.75	0.5650
-114.50	0.5709
-114.25	0.5741
-114.00	0.5741
-113.75	0.5681
-113.50	0.5681
-113.25	0.5754
-113.00	0.5771
-112.75	0.5782
-112.50	0.5754
-112.25	0.5746
-112.00	0.5679
-111.75	0.5431
-111.50	0.5226
-111.25	0.5175
-111.00	0.5265
-110.75	0.5380
-110.50	0.5548
-110.25	0.5628
-110.00	0.5713
-109.75	0.5821
-109.50	0.5790
-109.25	0.5805
-109.00	0.5768
-108.75	0.5684
-108.50	0.5561
-108.25	0.5448
-108.00	0.5344
-107.75	0.5138
-107.50	0.4996
-107.25	0.4909
-107.00	0.4956
-106.75	0.5003
-106.50	0.5265
-106.25	0.5513
-106.00	0.5670
-105.75	0.5866
-105.50	0.5907
-105.25	0.5915
-105.00	0.5796
-104.75	0.5566
-104.50	0.5308
-104.25	0.5168
-104.00	0.5172
-103.75	0.5184
-103.50	0.5049
-103.25	0.5127
-103.00	0.5347
-102.75	0.5563
-102.50	0.5730
-102.25	0.5810
-102.00	0.5945
-101.75	0.5927
-101.50	0.5864
-101.25	0.5830
-101.00	0.5812
-100.75	0.5793
-100.50	0.5718
-100.25	0.5678
-100.00	0.5611
-99.75	0.5666
-99.50	0.5574
-99.25	0.5534
-99.00	0.5507
-98.75	0.5497
-98.50	0.5477
-98.25	0.5583
-98.00	0.5710
-97.75	0.5763
-97.50	0.5769
-97.25	0.5692
-97.00	0.5499
-96.75	0.5423
-96.50	0.5376
-96.25	0.5339
-96.00	0.5432
-95.75	0.5473
-95.50	0.5434
-95.25	0.5445
-95.00	0.5510
-94.75	0.5558
-94.50	0.5686
-94.25	0.5659
-94.00	0.5557
-93.75	0.5416
-93.50	0.5397
-93.25	0.5293
-93.00	0.5186
-92.75	0.5002
-92.50	0.4984
-92.25	0.5137
-92.00	0.5254
-91.75	0.5358
-91.50	0.5297
-91.25	0.5279
-91.00	0.5309
-90.75	0.5347
-90.50	0.5445
-90.25	0.5484
-90.00	0.5528
-89.75	0.5533
-89.50	0.5485
-89.25	0.5461
-89.00	0.5392
-88.75	0.5286
-88.50	0.5321
-88.25	0.5303
-88.00	0.5330
-87.75	0.5324
-87.50	0.5327
-87.25	0.5299
-87.00	0.5340
-86.75	0.5403
-86.50	0.5514
-86.25	0.5529
-86.00	0.5667
-85.75	0.5763
-85.50	0.5914
-85.25	0.6048
-85.00	0.5948
-84.75	0.5931
-84.50	0.5798
-84.25	0.5703
-84.00	0.5698
-83.75	0.5727
-83.50	0.5807
-83.25	0.5853
-83.00	0.5898
-82.75	0.5915
-82.50	0.5832
-82.25	0.5760
-82.00	0.5757
-81.75	0.5654
-81.50	0.5499
-81.25	0.5540
-81.00	0.5647
-80.75	0.5696
-80.50	0.5775
-80.25	0.5720
-80.00	0.5883
-79.75	0.5955
-79.50	0.6002
-79.25	0.5925
-79.00	0.5840
-78.75	0.5984
-78.50	0.5990
-78.25	0.6025
-78.00	0.6103
-77.75	0.6058
-77.50	0.5983
-77.25	0.5944
-77.00	0.5942
-76.75	0.5929
-76.50	0.5939
-76.25	0.5939
-76.00	0.5851
-75.75	0.5778
-75.50	0.5794
-75.25	0.5823
-75.00	0.5804
-74.75	0.5829
-74.50	0.5738
-74.25	0.5717
-74.00	0.5684
-73.75	0.5563
-73.50	0.5500
-73.25	0.5391
-73.00	0.5267
-72.75	0.5313
-72.50	0.5517
-72.25	0.5737
-72.00	0.5845
-71.75	0.5812
-71.50	0.5831
-71.25	0.5846
-71.00	0.5796
-70.75	0.5722
-70.50	0.5677
-70.25	0.5553
-70.00	0.5447
-69.75	0.5446
-69.50	0.5489
-69.25	0.5612
-69.00	0.5787
-68.75	0.5872
-68.50	0.5835
-68.25	0.5789
-68.00	0.5685
-67.75	0.5577
-67.50	0.5606
-67.25	0.5667
-67.00	0.5643
-66.75	0.5667
-66.50	0.5598
-66.25	0.5587
-66.00	0.5631
-65.75	0.5726
-65.50	0.5698
-65.25	0.5696
-65.00	0.5726
-64.75	0.5644
-64.50	0.5580
-64.25	0.5540
-64.00	0.5503
-63.75	0.5437
-63.50	0.5289
-63.25	0.5310
-63.00	0.5251
-62.75	0.5132
-62.50	0.5103
-62.25	0.5079
-62.00	0.5002
-61.75	0.4972
-61.50	0.4960
-61.25	0.5020
-61.00	0.4929
-60.75	0.4938
-60.50	0.5011
-60.25	0.4990
-60.00	0.5001
-59.75	0.4896
-59.50	0.4713
-59.25	0.4624
-59.00	0.4298
-58.75	0.4087
-58.50	0.3930
-58.25	0.3892
-58.00	0.3956
-57.75	0.3988
-57.50	0.4101
-57.25	0.4388
-57.00	0.4534
-56.75	0.4815
-56.50	0.4797
-56.25	0.4630
-56.00	0.4525
-55.75	0.4535
-55.50	0.4353
-55.25	0.4203
-55.00	0.4099
-54.75	0.4044
-54.50	0.3993
-54.25	0.3989
-54.00	0.4048
-53.75	0.4075
-53.50	0.4039
-53.25	0.4300
-53.00	0.4500
-52.75	0.4721
-52.50	0.4920
-52.25	0.5010
-52.00	0.5000
-51.75	0.5041
-51.50	0.5032
-51.25	0.4993
-51.00	0.4867
-50.75	0.4719
-50.50	0.4685
-50.25	0.4710
-50.00	0.4712
-49.75	0.4786
-49.50	0.4810
-49.25	0.4798
-49.00	0.4915
-48.75	0.5038
-48.50	0.5059
-48.25	0.5141
-48.00	0.5317
-47.75	0.5214
-47.50	0.5159
-47.25	0.5223
-47.00	0.5146
-46.75	0.5128
-46.50	0.5060
-46.25	0.4989
-46.00	0.5034
-45.75	0.5167
-45.50	0.5408
-45.25	0.5540
-45.00	0.5578
-44.75	0.5568
-44.50	0.5557
-44.25	0.5582
-44.00	0.5570
-43.75	0.5491
-43.50	0.5471
-43.25	0.5415
-43.00	0.5336
-42.75	0.5273
-42.50	0.5227
-42.25	0.5164
-42.00	0.5193
-41.75	0.5307
-41.50	0.5303
-41.25	0.5294
-41.00	0.5309
-40.75	0.5361
-40.50	0.5400
-40.25	0.5273
-40.00	0.5212
-39.75	0.5112
-39.50	0.4918
-39.25	0.4904
-39.00	0.4969
-38.75	0.4994
-38.50	0.5105
-38.25	0.5147
-38.00	0.5230
-37.75	0.5242
-37.50	0.5277
-37.25	0.5198
-37.00	0.5158
-36.75	0.5131
-36.50	0.4900
-36.25	0.4752
-36.00	0.4760
-35.75	0.4766
-35.50	0.4984
-35.25	0.5205
-35.00	0.5267
-34.75	0.5351
-34.50	0.5194
-34.25	0.5133
-34.00	0.5102
-33.75	0.5172
-33.50	0.5113
-33.25	0.5015
-33.00	0.5038
-32.75	0.5118
-32.50	0.5165
-32.25	0.5232
-32.00	0.5335
-31.75	0.5304
-31.50	0.5340
-31.25	0.5375
-31.00	0.5320
-30.75	0.5206
-30.50	0.5233
-30.25	0.5105
-30.00	0.5005
-29.75	0.4947
-29.50	0.4942
-29.25	0.5135
-29.00	0.5139
-28.75	0.5170
-28.50	0.5256
-28.25	0.5208
-28.00	0.5146
-27.75	0.5121
-27.50	0.5050
-27.25	0.5005
-27.00	0.4981
-26.75	0.5104
-26.50	0.5198
-26.25	0.5313
-26.00	0.5474
-25.75	0.5460
-25.50	0.5475
-25.25	0.5470
-25.00	0.5443
-24.75	0.5403
-24.50	0.5354
-24.25	0.5466
-24.00	0.5599
-23.75	0.5828
-23.50	0.5906
-23.25	0.5992
-23.00	0.5952
-22.75	0.5861
-22.50	0.5821
-22.25	0.5971
-22.00	0.6014
-21.75	0.5871
-21.50	0.5731
-21.25	0.5655
-21.00	0.5545
-20.75	0.5525
-20.50	0.5510
-20.25	0.5579
-20.00	0.5637
-19.75	0.5615
-19.50	0.5671
-19.25	0.5775
-19.00	0.5828
-18.75	0.5643
-18.50	0.5462
-18.25	0.5252
-18.00	0.5117
-17.75	0.5031
-17.50	0.5080
-17.25	0.5204
-17.00	0.5125
-16.75	0.5021
-16.50	0.5006
-16.25	0.4920
-16.00	0.4857
-15.75	0.4853
-15.50	0.5046
-15.25	0.5258
-15.00	0.5340
-14.75	0.5192
-14.50	0.4975
-14.25	0.4823
-14.00	0.4662
-13.75	0.4597
-13.50	0.4529
-13.25	0.4605
-13.00	0.4710
-12.75	0.4840
-12.50	0.5076
-12.25	0.5251
-12.00	0.5210
-11.75	0.5090
-11.50	0.4999
-11.25	0.4871
-11.00	0.4767
-10.75	0.4653
-10.50	0.4732
-10.25	0.4883
-10.00	0.4977
-9.75	0.4995
-9.50	0.4899
-9.25	0.4992
-9.00	0.5125
-8.75	0.5115
-8.50	0.5123
-8.25	0.4761
-8.00	0.4583
-7.75	0.4359
-7.50	0.4175
-7.25	0.4280
-7.00	0.4422
-6.75	0.4691
-6.50	0.4791
-6.25	0.4909
-6.00	0.5046
-5.75	0.5087
-5.50	0.5026
-5.25	0.5062
-5.00	0.5062
-4.75	0.5043
-4.50	0.5053
-4.25	0.5091
-4.00	0.5265
-3.75	0.5387
-3.50	0.5415
-3.25	0.5508
-3.00	0.5383
-2.75	0.5241
-2.50	0.5137
-2.25	0.5237
-2.00	0.5491
-1.75	0.5639
-1.50	0.5800
-1.25	0.5846
-1.00	0.5941
-0.75	0.6000
-0.50	0.6054
-0.25	0.6040
0.00	0.5912
0.25	0.5835
0.50	0.5821
0.75	0.5931
1.00	0.6120
1.25	0.6215
1.50	0.6089
1.75	0.5936
2.00	0.5828
2.25	0.5662
2.50	0.5588
2.75	0.5621
3.00	0.5691
3.25	0.5694
3.50	0.5799
3.75	0.5939
4.00	0.5911
4.25	0.5916
4.50	0.5974
4.75	0.5763
5.00	0.5603
5.25	0.5488
5.50	0.5469
5.75	0.5570
6.00	0.5627
6.25	0.5599
6.50	0.5468
6.75	0.5267
7.00	0.5314
7.25	0.5225
7.50	0.5227
7.75	0.5418
8.00	0.5447
8.25	0.5541
8.50	0.5756
8.75	0.5923
9.00	0.6114
9.25	0.6133
9.50	0.6040
9.75	0.5853
10.00	0.5616
10.25	0.5525
10.50	0.5406
10.75	0.5249
11.00	0.5205
11.25	0.5357
11.50	0.5355
11.75	0.5321
12.00	0.5483
12.25	0.5656
12.50	0.5840
12.75	0.5993
13.00	0.6116
13.25	0.5996
13.50	0.5712
13.75	0.5516
14.00	0.5334
14.25	0.5212
14.50	0.5089
14.75	0.4958
15.00	0.4877
15.25	0.4839
15.50	0.4831
15.75	0.4850
16.00	0.4748
16.25	0.4706
16.50	0.4723
16.75	0.4811
17.00	0.5048
17.25	0.5281
17.50	0.5368
17.75	0.5487
18.00	0.5632
18.25	0.5690
18.50	0.5609
18.75	0.5637
19.00	0.5694
19.25	0.5779
19.50	0.5891
19.75	0.5903
20.00	0.5836
20.25	0.5802
20.50	0.5654
20.75	0.5545
21.00	0.5419
21.25	0.5428
21.50	0.5632
21.75	0.5695
22.00	0.5740
22.25	0.5703
22.50	0.5622
22.75	0.5650
23.00	0.5681
23.25	0.5758
23.50	0.5838
23.75	0.5833
24.00	0.5799
24.25	0.5780
24.50	0.5727
24.75	0.5812
25.00	0.5938
25.25	0.5889
25.50	0.5882
25.75	0.5919
26.00	0.5785
26.25	0.5549
26.50	0.5271
26.75	0.5049
27.00	0.4984
27.25	0.4893
27.50	0.4782
27.75	0.4684
28.00	0.4740
28.25	0.4946
28.50	0.5223
28.75	0.5553
29.00	0.5736
29.25	0.5735
29.50	0.5525
29.75	0.5299
30.00	0.5095
30.25	0.4843
30.50	0.4764
30.75	0.4716
31.00	0.4734
31.25	0.4832
31.50	0.4853
31.75	0.4924
32.00	0.4997
32.25	0.5074
32.50	0.5203
32.75	0.5290
33.00	0.5270
33.25	0.5326
33.50	0.5356
33.75	0.5363
34.00	0.5535
34.25	0.5614
34.50	0.5550
34.75	0.5467
35.00	0.5381
35.25	0.5488
35.50	0.5620
35.75	0.5683
36.00	0.5672
36.25	0.5601
36.50	0.5587
36.75	0.5545
37.00	0.5487
37.25	0.5588
37.50	0.5668
37.75	0.5650
38.00	0.5651
38.25	0.5693
38.50	0.5723
38.75	0.5695
39.00	0.5662
39.25	0.5654
39.50	0.5645
39.75	0.5633
40.00	0.5698
40.25	0.5786
40.50	0.5813
40.75	0.5932
41.00	0.6024
41.25	0.5761
41.50	0.5578
41.75	0.5452
42.00	0.5487
42.25	0.5627
42.50	0.5748
42.75	0.5930
43.00	0.5937
43.25	0.5960
43.50	0.5951
43.75	0.5765
44.00	0.5520
44.25	0.5368
44.50	0.5243
44.75	0.5230
45.00	0.5319
45.25	0.5344
45.50	0.5490
45.75	0.5604
46.00	0.5696
46.25	0.5637
46.50	0.5570
46.75	0.5673
47.00	0.5862
47.25	0.5884
47.50	0.5854
47.75	0.5826
48.00	0.5740
48.25	0.5728
48.50	0.5672
48.75	0.5571
49.00	0.5558
49.25	0.5476
49.50	0.5327
49.75	0.5167
50.00	0.4943
50.25	0.4827
50.50	0.4679
50.75	0.4555
51.00	0.4585
51.25	0.4625
51.50	0.4669
51.75	0.4677
52.00	0.4678
52.25	0.4614
52.50	0.4571
52.75	0.4469
53.00	0.4445
53.25	0.4494
53.50	0.4590
53.75	0.4661
54.00	0.4790
54.25	0.4929
54.50	0.5000
54.75	0.4977
55.00	0.4938
55.25	0.4977
55.50	0.4883
55.75	0.4856
56.00	0.4855
56.25	0.4846
56.50	0.4921
56.75	0.4984
57.00	0.5010
57.25	0.5085
57.50	0.5173
57.75	0.5163
58.00	0.5142
58.25	0.5141
58.50	0.5207
58.75	0.5153
59.00	0.5130
59.25	0.5057
59.50	0.4961
59.75	0.4874
60.00	0.4797
60.25	0.4862
60.50	0.4846
60.75	0.4836
61.00	0.4871
61.25	0.4836
61.50	0.4763
61.75	0.4642
62.00	0.4440
62.25	0.4207
62.50	0.4320
62.75	0.4443
63.00	0.4567
63.25	0.4644
63.50	0.4573
63.75	0.4478
64.00	0.4327
64.25	0.4261
64.50	0.4427
64.75	0.4472
65.00	0.4390
65.25	0.4393
65.50	0.4305
65.75	0.4303
66.00	0.4300
66.25	0.4217
66.50	0.4150
66.75	0.4151
67.00	0.4280
67.25	0.4349
67.50	0.4481
67.75	0.4506
68.00	0.4217
68.25	0.3966
68.50	0.3923
68.75	0.3782
69.00	0.3694
69.25	0.3786
69.50	0.3901
69.75	0.4116
70.00	0.4232
70.25	0.4353
70.50	0.4404
70.75	0.4370
71.00	0.4327
71.25	0.4253
71.50	0.4179
71.75	0.4343
72.00	0.4447
72.25	0.4683
72.50	0.5004
72.75	0.5081
73.00	0.4998
73.25	0.4835
73.50	0.4849
73.75	0.4906
74.00	0.4899
74.25	0.4949
74.50	0.4977
74.75	0.4889
75.00	0.4741
75.25	0.4638
75.50	0.4510
75.75	0.4490
76.00	0.4429
76.25	0.4309
76.50	0.4423
76.75	0.4508
77.00	0.4497
77.25	0.4489
77.50	0.4592
77.75	0.4643
78.00	0.4580
78.25	0.4628
78.50	0.4691
78.75	0.4738
79.00	0.4791
79.25	0.4795
79.50	0.4817
79.75	0.4807
80.00	0.4850
80.25	0.4926
80.50	0.4854
80.75	0.4757
81.00	0.4586
81.25	0.4437
81.50	0.4449
81.75	0.4461
82.00	0.4459
82.25	0.4458
82.50	0.4563
82.75	0.4633
83.00	0.4605
83.25	0.4660
83.50	0.4677
83.75	0.4554
84.00	0.4560
84.25	0.4459
84.50	0.4544
84.75	0.4767
85.00	0.4920
85.25	0.5082
85.50	0.4999
85.75	0.4819
86.00	0.4685
86.25	0.4545
86.50	0.4447
86.75	0.4502
87.00	0.4579
87.25	0.4659
87.50	0.4793
87.75	0.4885
88.00	0.4930
88.25	0.4910
88.50	0.4990
88.75	0.4974
89.00	0.5129
89.25	0.5222
89.50	0.5100
89.75	0.5001
90.00	0.4919
90.25	0.4796
90.50	0.4661
90.75	0.4552
91.00	0.4531
91.25	0.4569
91.50	0.4692
91.75	0.4900
92.00	0.5057
92.25	0.5137
92.50	0.5207
92.75	0.4994
93.00	0.4820
93.25	0.4727
93.50	0.4678
93.75	0.4711
94.00	0.4809
94.25	0.4996
94.50	0.5018
94.75	0.4897
95.00	0.4880
95.25	0.4861
95.50	0.4803
95.75	0.4735
96.00	0.4666
96.25	0.4703
96.50	0.4785
96.75	0.4925
97.00	0.5003
97.25	0.4998
97.50	0.5188
97.75	0.5319
98.00	0.5338
98.25	0.5351
98.50	0.5246
98.75	0.5146
99.00	0.5160
99.25	0.5159
99.50	0.5211
99.75	0.5178
100.00	0.5198
100.25	0.5235
100.50	0.5225
100.75	0.5465
101.00	0.5500
101.25	0.5503
101.50	0.5706
101.75	0.5721
102.00	0.5776
102.25	0.5634
102.50	0.5607
102.75	0.5425
103.00	0.5362
103.25	0.5380
103.50	0.5293
103.75	0.5230
104.00	0.5220
104.25	0.4987
104.50	0.4847
104.75	0.4875
105.00	0.4954
105.25	0.4939
105.50	0.4875
105.75	0.4918
106.00	0.4883
106.25	0.4823
106.50	0.4931
106.75	0.4805
107.00	0.4817
107.25	0.4929
107.50	0.4894
107.75	0.4955
108.00	0.5028
108.25	0.5051
108.50	0.5104
108.75	0.4998
109.00	0.4918
109.25	0.4659
109.50	0.4351
109.75	0.4157
110.00	0.4025
110.25	0.4184
110.50	0.4448
110.75	0.4724
111.00	0.4921
111.25	0.4997
111.50	0.4982
111.75	0.4865
112.00	0.4762
112.25	0.4789
112.50	0.4832
112.75	0.4818
113.00	0.4845
113.25	0.5023
113.50	0.5069
113.75	0.5067
114.00	0.5105
114.25	0.5038
114.50	0.5029
114.75	0.4885
115.00	0.4612
115.25	0.4668
115.50	0.4691
115.75	0.4764
116.00	0.4984
116.25	0.5179
116.50	0.5185
116.75	0.5235
117.00	0.5303
117.25	0.5283
117.50	0.5192
117.75	0.5293
118.00	0.5231
118.25	0.5167
118.50	0.5279
118.75	0.5316
119.00	0.5536
119.25	0.5657
119.50	0.5657
119.75	0.5651
120.00	0.5616
